label,Codmun
Guatemala-Guatemala,101
Santa Catarina Pinula-Guatemala,102
San José Pinula-Guatemala,103
San José del Golfo-Guatemala,104
Palencia-Guatemala,105
Chinautla-Guatemala,106
San Pedro Ayampuc-Guatemala,107
Mixco-Guatemala,108
San Pedro Sacatepéquez-Guatemala,109
San Juan Sacatepéquez-Guatemala,110
San Raimundo-Guatemala,111
Chuarrancho-Guatemala,112
Fraijanes-Guatemala,113
Amatitlán-Guatemala,114
Villa Nueva-Guatemala,115
Villa Canales-Guatemala,116
Petapa-Guatemala,117
Guastatoya-El Progreso,201
Morazán-El Progreso,202
San Agustín Acasaguastlán-El Progreso,203
San Cristóbal Acasaguastlán-El Progreso,204
El Jícaro-El Progreso,205
Sanarate-El Progreso,206
Sansare-El Progreso,207
San Antonio La Paz-El Progreso,208
Antigua Guatemala-Sacatepéquez,301
Jocotenango-Sacatepéquez,302
Pastores-Sacatepéquez,303
Sumpango-Sacatepéquez,304
Santo Domingo Xenacoj-Sacatepéquez,305
Santiago Sacatepéquez-Sacatepéquez,306
San Bartolomé Milpas Altas-Sacatepéquez,307
San Lucas Sacatepéquez-Sacatepéquez,308
Santa Lucía Milpas Altas-Sacatepéquez,309
Magdalena Milpas Altas-Sacatepéquez,310
Santa María de Jesús-Sacatepéquez,311
Ciudad Vieja-Sacatepéquez,312
San Miguel Dueñas-Sacatepéquez,313
Alotenango-Sacatepéquez,314
San Antonio Aguas Calientes-Sacatepéquez,315
Santa Catarina Barahona-Sacatepéquez,316
Chimaltenango-Chimaltenango,401
San José Poaquil-Chimaltenango,402
San Martín Jilotepeque-Chimaltenango,403
Comalapa-Chimaltenango,404
Santa Apolonia-Chimaltenango,405
Tecpán Guatemala-Chimaltenango,406
Patzún-Chimaltenango,407
Pochuta-Chimaltenango,408
Patzicía-Chimaltenango,409
Santa Cruz Balanyá-Chimaltenango,410
Acatenango-Chimaltenango,411
Yepocapa-Chimaltenango,412
San Andrés Itzapa-Chimaltenango,413
Parramos-Chimaltenango,414
Zaragoza-Chimaltenango,415
El Tejar-Chimaltenango,416
Escuintla-Escuintla,501
Santa Lucía Cotzumalguapa-Escuintla,502
La Democracia-Escuintla,503
Siquinalá-Escuintla,504
Masagua-Escuintla,505
Tiquisate-Escuintla,506
La Gomera-Escuintla,507
Guanagazapa-Escuintla,508
San José-Escuintla,509
Iztapa-Escuintla,510
Palín-Escuintla,511
San Vicente Pacaya-Escuintla,512
Nueva Concepción-Escuintla,513
Sipacate-Escuintla,514
Cuilapa-Santa Rosa,601
Barberena-Santa Rosa,602
Santa Rosa de Lima-Santa Rosa,603
Casillas-Santa Rosa,604
San Rafael Las Flores-Santa Rosa,605
Oratorio-Santa Rosa,606
San Juan Tecuaco-Santa Rosa,607
Chiquimulilla-Santa Rosa,608
Taxisco-Santa Rosa,609
Santa María Ixhuatán-Santa Rosa,610
Guazacapán-Santa Rosa,611
Santa Cruz Naranjo-Santa Rosa,612
Pueblo Nuevo Viñas-Santa Rosa,613
Nueva Santa Rosa-Santa Rosa,614
Lago Atitlán-Sololá,0
Sololá-Sololá,701
San José Chacayá-Sololá,702
Santa María Visitación-Sololá,703
Santa Lucía Utatlán-Sololá,704
Nahualá-Sololá,705
Santa Catarina Ixtahuacán-Sololá,706
Santa Clara La Laguna-Sololá,707
Concepción-Sololá,708
San Andrés Semetabaj-Sololá,709
Panajachel-Sololá,710
Santa Catarina Palopó-Sololá,711
San Antonio Palopó-Sololá,712
San Lucas Tolimán-Sololá,713
Santa Cruz La Laguna-Sololá,714
San Pablo La Laguna-Sololá,715
San Marcos La Laguna-Sololá,716
San Juan La Laguna-Sololá,717
San Pedro La Laguna-Sololá,718
Santiago Atitlán-Sololá,719
Totonicapán-Totonicapán,801
San Cristóbal Totonicapán-Totonicapán,802
San Francisco El Alto-Totonicapán,803
San Andrés Xecul-Totonicapán,804
Momostenango-Totonicapán,805
Santa María Chiquimula-Totonicapán,806
Santa Lucía La Reforma-Totonicapán,807
San Bartolo-Totonicapán,808
Quetzaltenango-Quetzaltenango,901
Salcajá-Quetzaltenango,902
Olintepeque-Quetzaltenango,903
San Carlos Sija-Quetzaltenango,904
Sibilia-Quetzaltenango,905
Cabricán-Quetzaltenango,906
Cajolá-Quetzaltenango,907
San Miguel Sigüila-Quetzaltenango,908
San Juan Ostuncalco-Quetzaltenango,909
San Mateo-Quetzaltenango,910
Concepción Chiquirichapa-Quetzaltenango,911
San Martín Sacatepéquez-Quetzaltenango,912
Almolonga-Quetzaltenango,913
Cantel-Quetzaltenango,914
Huitán-Quetzaltenango,915
Zunil-Quetzaltenango,916
Colomba-Quetzaltenango,917
San Francisco La Unión-Quetzaltenango,918
El Palmar-Quetzaltenango,919
Coatepeque-Quetzaltenango,920
Génova-Quetzaltenango,921
Flores Costa Cuca-Quetzaltenango,922
La Esperanza-Quetzaltenango,923
Palestina de Los Altos-Quetzaltenango,924
Mazatenango-Suchitepéquez,1001
Cuyotenango-Suchitepéquez,1002
San Francisco Zapotitlán-Suchitepéquez,1003
San Bernardino-Suchitepéquez,1004
San José El Ídolo-Suchitepéquez,1005
Santo Domingo Suchitepéquez-Suchitepéquez,1006
San Lorenzo-Suchitepéquez,1007
Samayac-Suchitepéquez,1008
San Pablo Jocopilas-Suchitepéquez,1009
San Antonio Suchitepéquez-Suchitepéquez,1010
San Miguel Panán-Suchitepéquez,1011
San Gabriel-Suchitepéquez,1012
Chicacao-Suchitepéquez,1013
Patulul-Suchitepéquez,1014
Santa Bárbara-Suchitepéquez,1015
San Juan Bautista-Suchitepéquez,1016
Santo Tomás La Unión-Suchitepéquez,1017
Zunilito-Suchitepéquez,1018
Pueblo Nuevo-Suchitepéquez,1019
Río Bravo-Suchitepéquez,1020
San José La Máquina-Suchitepéquez,1021
Retalhuleu-Retalhuleu,1101
San Sebastián-Retalhuleu,1102
Santa Cruz Muluá-Retalhuleu,1103
San Martín Zapotitlán-Retalhuleu,1104
San Felipe-Retalhuleu,1105
San Andrés Villa Seca-Retalhuleu,1106
Champerico-Retalhuleu,1107
Nuevo San Carlos-Retalhuleu,1108
El Asintal-Retalhuleu,1109
San Marcos-San Marcos,1201
San Pedro Sacatepéquez-San Marcos,1202
San Antonio Sacatepéquez-San Marcos,1203
Comitancillo-San Marcos,1204
San Miguel Ixtahuacán-San Marcos,1205
Concepción Tutuapa-San Marcos,1206
Tacaná-San Marcos,1207
Sibinal-San Marcos,1208
Tajumulco-San Marcos,1209
Tejutla-San Marcos,1210
San Rafael Pie de la Cuesta-San Marcos,1211
Nuevo Progreso-San Marcos,1212
El Tumbador-San Marcos,1213
El Rodeo-San Marcos,1214
Malacatán-San Marcos,1215
Catarina-San Marcos,1216
Ayutla-San Marcos,1217
Ocós-San Marcos,1218
San Pablo-San Marcos,1219
El Quetzal-San Marcos,1220
La Reforma-San Marcos,1221
Pajapita-San Marcos,1222
Ixchiguán-San Marcos,1223
San José Ojetenam-San Marcos,1224
San Cristóbal Cucho-San Marcos,1225
Sipacapa-San Marcos,1226
Esquipulas Palo Gordo-San Marcos,1227
Río Blanco-San Marcos,1228
San Lorenzo-San Marcos,1229
La Blanca-San Marcos,1230
Huehuetenango-Huehuetenango,1301
Chiantla-Huehuetenango,1302
Malacatancito-Huehuetenango,1303
Cuilco-Huehuetenango,1304
Nentón-Huehuetenango,1305
San Pedro Necta-Huehuetenango,1306
Jacaltenango-Huehuetenango,1307
Soloma-Huehuetenango,1308
Ixtahuacán-Huehuetenango,1309
Santa Bárbara-Huehuetenango,1310
La Libertad-Huehuetenango,1311
La Democracia-Huehuetenango,1312
San Miguel Acatán-Huehuetenango,1313
San Rafael La Independencia-Huehuetenango,1314
Todos Santos Cuchumatán-Huehuetenango,1315
San Juan Atitán-Huehuetenango,1316
Santa Eulalia-Huehuetenango,1317
San Mateo Ixtatán-Huehuetenango,1318
Colotenango-Huehuetenango,1319
San Sebastián Huehuetenango-Huehuetenango,1320
Tectitán-Huehuetenango,1321
Concepción Huista-Huehuetenango,1322
San Juan Ixcoy-Huehuetenango,1323
San Antonio Huista-Huehuetenango,1324
San Sebastián Coatán-Huehuetenango,1325
Barillas-Huehuetenango,1326
Aguacatán-Huehuetenango,1327
San Rafael Petzal-Huehuetenango,1328
San Gaspar Ixchil-Huehuetenango,1329
Santiago Chimaltenango-Huehuetenango,1330
Santa Ana Huista-Huehuetenango,1331
Unión Cantinil-Huehuetenango,1332
Petatán-Huehuetenango,1333
Santa Cruz del Quiché-Quiché,1401
Chiché-Quiché,1402
Chinique-Quiché,1403
Zacualpa-Quiché,1404
Chajul-Quiché,1405
Chichicastenango-Quiché,1406
Patzité-Quiché,1407
San Antonio Ilotenango-Quiché,1408
San Pedro Jocopilas-Quiché,1409
Cunén-Quiché,1410
San Juan Cotzal-Quiché,1411
Joyabaj-Quiché,1412
Nebaj-Quiché,1413
San Andrés Sajcabajá-Quiché,1414
Uspantán-Quiché,1415
Sacapulas-Quiché,1416
San Bartolomé Jocotenango-Quiché,1417
Canillá-Quiché,1418
Chicamán-Quiché,1419
Ixcán-Quiché,1420
Pachalum-Quiché,1421
Salamá-Baja Verapaz,1501
San Miguel Chicaj-Baja Verapaz,1502
Rabinal-Baja Verapaz,1503
Cubulco-Baja Verapaz,1504
Granados-Baja Verapaz,1505
El Chol-Baja Verapaz,1506
San Jerónimo-Baja Verapaz,1507
Purulhá-Baja Verapaz,1508
Cobán-Alta Verapaz,1601
Santa Cruz Verapaz-Alta Verapaz,1602
San Cristóbal Verapaz-Alta Verapaz,1603
Tactic-Alta Verapaz,1604
Tamahú-Alta Verapaz,1605
Tucurú-Alta Verapaz,1606
Panzós-Alta Verapaz,1607
Senahú-Alta Verapaz,1608
San Pedro Carchá-Alta Verapaz,1609
San Juan Chamelco-Alta Verapaz,1610
Lanquín-Alta Verapaz,1611
Cahabón-Alta Verapaz,1612
Chisec-Alta Verapaz,1613
Chahal-Alta Verapaz,1614
Fray Bartolomé de Las Casas-Alta Verapaz,1615
Santa Catalina La Tinta-Alta Verapaz,1616
Raxruhá-Alta Verapaz,1617
Flores-Petén,1701
San José-Petén,1702
San Benito-Petén,1703
San Andrés-Petén,1704
La Libertad-Petén,1705
San Francisco-Petén,1706
Santa Ana-Petén,1707
Dolores-Petén,1708
San Luis-Petén,1709
Sayaxché-Petén,1710
Melchor de Mencos-Petén,1711
Poptún-Petén,1712
Las Cruces-Petén,1713
El Chal-Petén,1714
Puerto Barrios-Izabal,1801
Lívingston-Izabal,1802
El Estor-Izabal,1803
Morales-Izabal,1804
Los Amates-Izabal,1805
Zacapa-Zacapa,1901
Estanzuela-Zacapa,1902
Río Hondo-Zacapa,1903
Gualán-Zacapa,1904
Teculután-Zacapa,1905
Usumatlán-Zacapa,1906
Cabañas-Zacapa,1907
San Diego-Zacapa,1908
La Unión-Zacapa,1909
Huité-Zacapa,1910
San Jorge-Zacapa,1911
Chiquimula-Chiquimula,2001
San José La Arada-Chiquimula,2002
San Juan Ermita-Chiquimula,2003
Jocotán-Chiquimula,2004
Camotán-Chiquimula,2005
Olopa-Chiquimula,2006
Esquipulas-Chiquimula,2007
Concepción Las Minas-Chiquimula,2008
Quezaltepeque-Chiquimula,2009
San Jacinto-Chiquimula,2010
Ipala-Chiquimula,2011
Jalapa-Jalapa,2101
San Pedro Pinula-Jalapa,2102
San Luis Jilotepeque-Jalapa,2103
San Manuel Chaparrón-Jalapa,2104
San Carlos Alzatate-Jalapa,2105
Monjas-Jalapa,2106
Mataquescuintla-Jalapa,2107
Jutiapa-Jutiapa,2201
El Progreso-Jutiapa,2202
Santa Catarina Mita-Jutiapa,2203
Agua Blanca-Jutiapa,2204
Asunción Mita-Jutiapa,2205
Yupiltepeque-Jutiapa,2206
Atescatempa-Jutiapa,2207
Jerez-Jutiapa,2208
El Adelanto-Jutiapa,2209
Zapotitlán-Jutiapa,2210
Comapa-Jutiapa,2211
Jalpatagua-Jutiapa,2212
Conguaco-Jutiapa,2213
Moyuta-Jutiapa,2214
Pasaco-Jutiapa,2215
San José Acatempa-Jutiapa,2216
Quesada-Jutiapa,2217
LA CEIBA-ATLÁNTIDA,101
EL PORVENIR-ATLÁNTIDA,102
ESPARTA-ATLÁNTIDA,103
JUTIAPA-ATLÁNTIDA,104
LA MASICA-ATLÁNTIDA,105
SAN FRANCISCO-ATLÁNTIDA,106
TELA-ATLÁNTIDA,107
ARIZONA-ATLÁNTIDA,108
TRUJILLO-COLON,201
BALFATE-COLON,202
IRIONA-COLON,203
LIMÓN-COLON,204
SABA-COLON,205
SANTA FE-COLON,205
SANTA FE-COLON,206
SANTA ROSA DE AGU N-COLON,206
SONAGUERA-COLON,207
SABA-COLON,208
SONAGUERA-COLON,208
TOCOA-COLON,209
BONITO ORIENTAL-COLON,210
COMAYAGUA-COMAYAGUA,301
AJUTERIQUE-COMAYAGUA,302
EL ROSARIO-COMAYAGUA,303
ESQUÍAS-COMAYAGUA,304
HUMUYA-COMAYAGUA,305
LA LIBERTAD-COMAYAGUA,306
LAMANÍ-COMAYAGUA,307
LA TRINIDAD-COMAYAGUA,308
LEJAMANÍ-COMAYAGUA,309
MEÁMBAR-COMAYAGUA,310
MINAS DE ORO-COMAYAGUA,311
OJOS DE AGUA-COMAYAGUA,312
SAN JERÓNIMO-COMAYAGUA,313
SAN JOSÉ DE COMAYAGUA-COMAYAGUA,314
SAN JOSÉ DEL POTRERO-COMAYAGUA,315
SAN LUIS-COMAYAGUA,316
SAN SEBASTIÁN-COMAYAGUA,317
SIGUATEPEQUE-COMAYAGUA,318
VILLA DE SAN ANTONIO-COMAYAGUA,319
LAS LAJAS-COMAYAGUA,320
TAULABÉ-COMAYAGUA,321
Santa Rosa de Copan-COPAN,401
SANTA ROSA DE COPÁN-COPAN,401
CABAÑAS-COPAN,402
CONCEPCIÓN-COPAN,403
COPÁN RUINAS-COPAN,404
CORQUÍN-COPAN,405
CUCUYAGUA-COPAN,406
DOLORES-COPAN,407
DULCE NOMBRE-COPAN,408
EL PARAÍSO-COPAN,409
FLORIDA-COPAN,410
LA JIGUA-COPAN,411
LA UNIÓN-COPAN,412
NUEVA ARCADIA-COPAN,413
SAN AGUSTÍN-COPAN,414
SAN ANTONIO-COPAN,415
SAN JERÓNIMO-COPAN,416
SAN JOSÉ-COPAN,417
SAN JUAN DE OPOA-COPAN,418
San Nicolas-COPAN,419
SAN NICOLÁS-COPAN,419
SAN PEDRO-COPAN,420
SANTA RITA-COPAN,421
TRINIDAD DE COPÁN-COPAN,422
VERACRUZ-COPAN,423
SAN PEDRO SULA-CORTES,501
CHOLOMA-CORTES,502
OMOA-CORTES,503
PIMIENTA-CORTES,504
POTRERILLOS-CORTES,505
PUERTO CORTÉS-CORTES,506
SAN ANTONIO DE CORTÉS-CORTES,507
SAN FRANCISCO DE YOJOA-CORTES,508
SAN MANUEL-CORTES,509
SANTA CRUZ DE YOJOA-CORTES,510
VILLANUEVA-CORTES,511
LA LIMA-CORTES,512
CHOLUTECA-CHOLUTECA,601
APACILAGUA-CHOLUTECA,602
CONCEPCIÓN DE MARIA-CHOLUTECA,603
DUYURE-CHOLUTECA,604
EL CORPUS-CHOLUTECA,605
EL TRIUNFO-CHOLUTECA,606
MARCOVIA-CHOLUTECA,607
MOROLICA-CHOLUTECA,608
NAMASIGUE-CHOLUTECA,609
OROCUINA-CHOLUTECA,610
PESPIRE-CHOLUTECA,611
SAN ANTONIO DE FLORES-CHOLUTECA,612
SAN ISIDRO-CHOLUTECA,613
SAN JOSÉ-CHOLUTECA,614
SAN MARCOS DE COLON-CHOLUTECA,615
SANTA ANA DE YUSGUARE-CHOLUTECA,616
YUSCARÁN-EL PARAÍSO,701
ALAUCA-EL PARAÍSO,702
DANLÍ-EL PARAÍSO,703
EL PARAÍSO-EL PARAÍSO,704
GUINOPE-EL PARAÍSO,705
JACALEAPA-EL PARAÍSO,706
LIURE-EL PARAÍSO,707
MOROCELÍ-EL PARAÍSO,708
OROPOLÍ-EL PARAÍSO,709
POTRERILLOS-EL PARAÍSO,710
SAN ANTONIO DE FLORES-EL PARAÍSO,711
SAN LUCAS-EL PARAÍSO,712
SAN MATÍAS-EL PARAÍSO,713
SOLEDAD-EL PARAÍSO,714
TEUPASENTI-EL PARAÍSO,715
TEXIGUAT-EL PARAÍSO,716
VADO ANCHO-EL PARAÍSO,717
YAUYUPE-EL PARAÍSO,718
TROJES-EL PARAÍSO,719
DISTRITO CENTRAL-FRANCISCO MORAZÁN,801
ALUBAREN-FRANCISCO MORAZÁN,802
CEDROS-FRANCISCO MORAZÁN,803
CURARÉN-FRANCISCO MORAZÁN,804
EL PORVENIR-FRANCISCO MORAZÁN,805
GUAIMACA-FRANCISCO MORAZÁN,806
LA LIBERTAD-FRANCISCO MORAZÁN,807
LA VENTA-FRANCISCO MORAZÁN,808
LEPATERIQUE-FRANCISCO MORAZÁN,809
MARAITA-FRANCISCO MORAZÁN,810
MARALE-FRANCISCO MORAZÁN,811
NUEVA ARMENIA-FRANCISCO MORAZÁN,812
OJOJONA-FRANCISCO MORAZÁN,813
ORICA-FRANCISCO MORAZÁN,814
REITOCA-FRANCISCO MORAZÁN,815
SABANAGRANDE-FRANCISCO MORAZÁN,816
SAN ANTONIO DE ORIENTE-FRANCISCO MORAZÁN,817
SAN BUENAVENTURA-FRANCISCO MORAZÁN,818
SAN IGNACIO-FRANCISCO MORAZÁN,819
SAN JUAN DE FLORES-FRANCISCO MORAZÁN,820
SAN MIGUELITO-FRANCISCO MORAZÁN,821
SANTA ANA-FRANCISCO MORAZÁN,822
SANTA LUCÍA-FRANCISCO MORAZÁN,823
TALANGA-FRANCISCO MORAZÁN,824
TATUMBLA-FRANCISCO MORAZÁN,825
VALLE DE ANGELES-FRANCISCO MORAZÁN,826
VILLA DE SAN FRANCISCO-FRANCISCO MORAZÁN,827
VALLECILLO-FRANCISCO MORAZÁN,828
PUERTO LEMPIRA-GRACIAS A DIOS,901
BRUS LAGUNA-GRACIAS A DIOS,902
LA ESPERANZA-INTIBUCA,1001
CAMASCA-INTIBUCA,1002
COLOMONCAGUA-INTIBUCA,1003
CONCEPCIÓN-INTIBUCA,1004
DOLORES-INTIBUCA,1005
INTIBUCÁ-INTIBUCA,1006
JESÚS DE OTORO-INTIBUCA,1007
MAGDALENA-INTIBUCA,1008
MASAGUARA-INTIBUCA,1009
SAN ANTONIO-INTIBUCA,1010
SAN ISIDRO-INTIBUCA,1011
SAN JUAN-INTIBUCA,1012
SAN MARCOS DE LA SIERRA-INTIBUCA,1013
SAN MIGUELITO-INTIBUCA,1014
SANTA LUCÍA-INTIBUCA,1015
YAMARANGUILA-INTIBUCA,1016
SAN FRANCISCO DE OPALACA-INTIBUCA,1017
ROATÁN-ISLAS DE LA BAHÍA,1101
GUANAJA-ISLAS DE LA BAHÍA,1102
JOSÉ SANTOS GUARDIOLA-ISLAS DE LA BAHÍA,1103
UTILA-ISLAS DE LA BAHÍA,1104
LA PAZ-LA PAZ,1201
AGUANQUETERIQUE-LA PAZ,1202
CABAÑAS-LA PAZ,1203
CANE-LA PAZ,1204
CHINACLA-LA PAZ,1205
GUAJIQUIRO-LA PAZ,1206
LAUTERIQUE-LA PAZ,1207
MARCALA-LA PAZ,1208
MERCEDES DE ORIENTE-LA PAZ,1209
OPATORO-LA PAZ,1210
SAN ANTONIO DEL NORTE-LA PAZ,1211
SAN JOSÉ-LA PAZ,1212
SAN JUAN-LA PAZ,1213
SAN PEDRO DE TUTULE-LA PAZ,1214
SANTA ANA-LA PAZ,1215
SANTA ELENA-LA PAZ,1216
SANTA MARÍA-LA PAZ,1217
SANTIAGO DE PURINGLA-LA PAZ,1218
YARULA-LA PAZ,1219
GRACIAS-LEMPIRA,1301
BELÉN-LEMPIRA,1302
CANDELARIA-LEMPIRA,1303
COLOLACA-LEMPIRA,1304
ERANDIQUE-LEMPIRA,1305
GUALCINCE-LEMPIRA,1306
GUARITA-LEMPIRA,1307
LA CAMPA-LEMPIRA,1308
LA IGUALA-LEMPIRA,1309
LAS FLORES-LEMPIRA,1310
LA UNIÓN-LEMPIRA,1311
LA VIRTUD-LEMPIRA,1312
LEPAERA-LEMPIRA,1313
MAPULACA-LEMPIRA,1314
PIRAERA-LEMPIRA,1315
SAN ANDRÉS-LEMPIRA,1316
SAN FRANCISCO-LEMPIRA,1317
SAN JUAN GUARITA-LEMPIRA,1318
SAN MANUEL COLOHETE-LEMPIRA,1319
SAN RAFAEL-LEMPIRA,1320
SAN SEBASTIÁN-LEMPIRA,1321
SANTA CRUZ-LEMPIRA,1322
TALGUA-LEMPIRA,1323
TAMBLA-LEMPIRA,1324
TOMALÁ-LEMPIRA,1325
VALLADOLID-LEMPIRA,1326
VIRGINIA-LEMPIRA,1327
SAN MARCOS DE CAIQUÍN-LEMPIRA,1328
OCOTEPEQUE-OCOTEPEQUE,1401
BELÉN GUALCHO-OCOTEPEQUE,1402
CONCEPCIÓN-OCOTEPEQUE,1403
DOLORES MERENDÓN-OCOTEPEQUE,1404
FRATERNIDAD-OCOTEPEQUE,1405
LA ENCARNACIÓN-OCOTEPEQUE,1406
LA LABOR-OCOTEPEQUE,1407
LUCERNA-OCOTEPEQUE,1408
MERCEDES-OCOTEPEQUE,1409
SAN FERNANDO-OCOTEPEQUE,1410
SAN FRANCISCO DEL VALLE-OCOTEPEQUE,1411
SAN JORGE-OCOTEPEQUE,1412
SAN MARCOS-OCOTEPEQUE,1413
SANTA FE-OCOTEPEQUE,1414
SENSENTI-OCOTEPEQUE,1415
SINUAPA-OCOTEPEQUE,1416
JUTICALPA-OLANCHO,1501
Campamento-OLANCHO,1502
CATACAMAS-OLANCHO,1503
CONCORDIA-OLANCHO,1504
DULCE NOMBRE DE CULMÍ-OLANCHO,1505
EL ROSARIO-OLANCHO,1506
ESQUIPULAS DEL NORTE-OLANCHO,1507
GUALACO-OLANCHO,1508
GUARIZAMA-OLANCHO,1509
GUATA-OLANCHO,1510
GUAYAPE-OLANCHO,1511
JANO-OLANCHO,1512
LA UNIÓN-OLANCHO,1513
MANGULILE-OLANCHO,1514
MANTO-OLANCHO,1515
SALAMÁ-OLANCHO,1516
SAN ESTEBAN-OLANCHO,1517
SAN FRANCISCO DE BECERRA-OLANCHO,1518
SAN FRANCISCO DE LA PAZ-OLANCHO,1519
SANTA MARÍA DEL REAL-OLANCHO,1520
SILCA-OLANCHO,1521
YOCÓN-OLANCHO,1522
PATUCA-OLANCHO,1523
Santa Barbara-SANTA BARBARA,1601
SANTA BÁRBARA-SANTA BARBARA,1601
ARADA-SANTA BARBARA,1602
ATIMA-SANTA BARBARA,1603
AZACUALPA-SANTA BARBARA,1604
CEGUACA-SANTA BARBARA,1605
SAN JOSÉ DE COLINAS-SANTA BARBARA,1606
CONCEPCIÓN DEL NORTE-SANTA BARBARA,1607
CHINDA-SANTA BARBARA,1608
CONCEPCIÓN DEL SUR-SANTA BARBARA,1608
CHINDA-SANTA BARBARA,1609
EL NÍSPERO-SANTA BARBARA,1610
GUALALA-SANTA BARBARA,1610
GUALALA-SANTA BARBARA,1611
ILAMA-SANTA BARBARA,1611
ILAMA-SANTA BARBARA,1612
MACUELIZO-SANTA BARBARA,1612
MACUELIZO-SANTA BARBARA,1613
NARANJITO-SANTA BARBARA,1613
NARANJITO-SANTA BARBARA,1614
NUEVO CELILAC-SANTA BARBARA,1614
NUEVO CELILAC-SANTA BARBARA,1615
PETOA-SANTA BARBARA,1615
PETOA-SANTA BARBARA,1616
PROTECCIÓN-SANTA BARBARA,1617
Quimistan-SANTA BARBARA,1617
QUIMISTÁN-SANTA BARBARA,1618
SAN FRANCISCO DE OJUERA-SANTA BARBARA,1618
SAN FRANCISCO DE OJUERA-SANTA BARBARA,1619
San Jose de Colinas-SANTA BARBARA,1619
SAN LUIS-SANTA BARBARA,1620
SAN MARCOS-SANTA BARBARA,1621
SAN NICOLÁS-SANTA BARBARA,1622
SAN PEDRO ZACAPA-SANTA BARBARA,1623
SANTA RITA-SANTA BARBARA,1624
SAN VICENTE CENTENARIO-SANTA BARBARA,1625
SANTA RITA-SANTA BARBARA,1625
TRINIDAD-SANTA BARBARA,1626
LAS VEGAS-SANTA BARBARA,1627
NACAOME-VALLE,1701
ALIANZA-VALLE,1702
AMAPALA-VALLE,1703
ARAMECINA-VALLE,1704
CARIDAD-VALLE,1705
GOASCORÁN-VALLE,1706
LANGUE-VALLE,1707
SAN FRANCISCO DE CORAY-VALLE,1708
SAN LORENZO-VALLE,1709
YORO-YORO,1801
ARENAL-YORO,1802
EL NEGRITO-YORO,1803
EL PROGRESO-YORO,1804
JOCÓN-YORO,1805
Morazan-YORO,1806
MORAZÁN-YORO,1806
OLANCHITO-YORO,1807
SANTA RITA-YORO,1808
SULACO-YORO,1809
VICTORIA-YORO,1810
YORITO-YORO,1811
AHUACHAPAN NORTE-AHUACHAPAN,101
AHUACHAPAN CENTRO (CABECERA)-AHUACHAPAN,102
AHUACHAPAN SUR-AHUACHAPAN,103
SANTA ANA NORTE-SANTA ANA,202
SANTA ANA CENTRO (CABECERA)-SANTA ANA,203
SANTA ANA ESTE-SANTA ANA,204
SANTA ANA OESTE-SANTA ANA,207
SONSONATE NORTE-SONSONATE,301
SONSONATE CENTRO (CABECERA) -SONSONATE,302
SONSONATE ESTE-SONSONATE,303
SONSONATE OESTE-SONSONATE,304
CHALATENANGO NORTE-CHALATENANGO,401
CHALATENANGO CENTRO-CHALATENANGO,402
CHALATENANGO SUR (CABECERA)-CHALATENANGO,404
LIBERTAD NORTE-LA LIBERTAD,501
LIBERTAD CENTRO-LA LIBERTAD,502
LIBERTAD OESTE-LA LIBERTAD,503
LIBERTAD ESTE-LA LIBERTAD,504
LIBERTAD COSTA-LA LIBERTAD,505
LIBERTAD SUR (CABECERA)-LA LIBERTAD,506
SAN SALVADOR NORTE-SAN SALVADOR,601
SAN SALVADOR OESTE-SAN SALVADOR,602
SAN SALVADOR ESTE-SAN SALVADOR,603
SAN SALVADOR CENTRO (CABECERA)-SAN SALVADOR,604
SAN SALVADOR SUR-SAN SALVADOR,605
CUSCATLÁN NORTE-CUSCATLAN,701
CUSCATLÁN SUR (CABECERA)-CUSCATLAN,702
LA PAZ OESTE-LA PAZ,801
LA PAZ CENTRO-LA PAZ,802
LA PAZ ESTE (CABECERA)-LA PAZ,805
CABAÑAS ESTE (CABECERA)-CABANAS,902
CABAÑAS OESTE-CABANAS,903
SAN VICENTE NORTE-SAN VICENTE,1001
SAN VICENTE SUR (CABECERA)-SAN VICENTE,1002
USULUTÁN NORTE-USULUTAN,1101
USULUTÁN ESTE (CABECERA)-USULUTAN,1102
USULUTÁN OESTE-USULUTAN,1104
SAN MIGUEL NORTE-SAN MIGUEL,1201
SAN MIGUEL CENTRO (CABECERA)-SAN MIGUEL,1202
SAN MIGUEL OESTE-SAN MIGUEL,1203
MORAZÁN NORTE-MORAZAN,1301
MORAZÁN SUR (CABECERA)-MORAZAN,1302
LA UNIÓN NORTE-LA UNION,1401
LA UNIÓN SUR (CABECERA)-LA UNION,1402
Bocas del Toro-Bocas del Toro,101
Almirante-Bocas del Toro,102
Changuinola-Bocas del Toro,102
Chiriquí Grande-Bocas del Toro,103
Almirante-Bocas del Toro,104
Aguadulce-Coclé,201
Antón-Coclé,202
La Pintada-Coclé,203
Natá-Coclé,204
Olá-Coclé,205
Penonomé-Coclé,206
Colón-Colón,301
Chagres-Colón,302
Donoso-Colón,303
Portobelo-Colón,304
Santa Isabel-Colón,305
Omar Torrijos Herrera-Colón,306
Alanje-Chiriquí,401
Barú-Chiriquí,402
Boquerón-Chiriquí,403
Boquete-Chiriquí,404
Bugaba-Chiriquí,405
David-Chiriquí,406
Dolega-Chiriquí,407
Gualaca-Chiriquí,408
Remedios-Chiriquí,409
Renacimiento-Chiriquí,410
San Félix-Chiriquí,411
San Lorenzo-Chiriquí,412
Tolé-Chiriquí,413
Tierras Altas-Chiriquí,414
Chepigana-Darién,501
Pinogana-Darién,502
Santa Fe-Darién,503
Chitré-Herrera,601
Las Minas-Herrera,602
Los Pozos-Herrera,603
Ocú-Herrera,604
Parita-Herrera,605
Pesé-Herrera,606
Santa María-Herrera,607
Guararé-Los Santos,701
Las Tablas-Los Santos,702
Los Santos-Los Santos,703
Macaracas-Los Santos,704
Pedasí-Los Santos,705
Pocrí-Los Santos,706
Tonosí-Los Santos,707
Balboa-Panamá,802
Chepo-Panamá,805
Chimán-Panamá,806
Panamá-Panamá,808
San Miguelito-Panamá,810
Taboga-Panamá,811
Atalaya-Veraguas,901
Calobre-Veraguas,902
Cañazas-Veraguas,903
La Mesa-Veraguas,904
Las Palmas-Veraguas,905
Montijo-Veraguas,906
Río de Jesús-Veraguas,907
San Francisco-Veraguas,908
Santa Fe-Veraguas,909
Santiago-Veraguas,910
Soná-Veraguas,911
Mariato-Veraguas,912
Comarca Kuna Yala-Comarca Kuna Yala,1001
Cémaco-Comarca Emberá Wounaán,1101
Sambú-Comarca Emberá Wounaán,1102
Besiko-Comarca Ngäbe Buglé,1201
Mironó-Comarca Ngäbe Buglé,1202
Müna-Comarca Ngäbe Buglé,1203
Nole Duima-Comarca Ngäbe Buglé,1204
Ñürün-Comarca Ngäbe Buglé,1205
Kankintú-Comarca Ngäbe Buglé,1206
Kusapín-Comarca Ngäbe Buglé,1207
Jirondai-Comarca Ngäbe Buglé,1208
Santa Catalina o Calovébora-Comarca Ngäbe Buglé,1209
Arraiján-Panamá Oeste,1301
Capira-Panamá Oeste,1303
Chame-Panamá Oeste,1304
La Chorrera-Panamá Oeste,1307
San Carlos-Panamá Oeste,1309
San José-San José,101
Escazo-San José,102
Desamparados-San José,103
Puriscal-San José,104
Tarrazs-San José,105
Aserro-San José,106
Mora-San José,107
Goicoechea-San José,108
Santa Ana-San José,109
Alajuelita-San José,110
Vazquez de Coronado-San José,111
Acosta-San José,112
Tibás-San José,113
Moravia-San José,114
Montes de Oca-San José,115
Turrubares-San José,116
Dota-San José,117
Curridabat-San José,118
Pérez Zeledón-San José,119
Lenn Cortés Castro-San José,120
Alajuela-Alajuela,201
San Raman-Alajuela,202
Grecia-Alajuela,203
San Mateo-Alajuela,204
Atenas-Alajuela,205
Naranjo-Alajuela,206
Palmares-Alajuela,207
Poas-Alajuela,208
Orotina-Alajuela,209
San Carlos-Alajuela,210
Zarcero-Alajuela,211
Sarche-Alajuela,212
Upala-Alajuela,213
Los Chiles-Alajuela,214
Guatuso-Alajuela,215
Río Cuarto-Alajuela,216
Cartago-Cartago,301
Paraaso-Cartago,302
La Union-Cartago,303
Jiménez-Cartago,304
Turrialba-Cartago,305
Alvarado-Cartago,306
Oreamuno-Cartago,307
El Guarco-Cartago,308
Heredia-Heredia,401
Barva-Heredia,402
Santo Domingo-Heredia,403
Santa Bárbara-Heredia,404
San Rafael-Heredia,405
San Isidro-Heredia,406
Belen-Heredia,407
Flores-Heredia,408
San Pablo-Heredia,409
Sarapiquí-Heredia,410
Liberia-Guanacaste,501
Nicoya-Guanacaste,502
Santa Cruz-Guanacaste,503
Bagaces-Guanacaste,504
Carrillo-Guanacaste,505
Cañas-Guanacaste,506
Abangares-Guanacaste,507
Tilarán-Guanacaste,508
Nandayure-Guanacaste,509
La Cruz-Guanacaste,510
Hojancha-Guanacaste,511
Puntarenas-Puntarenas,601
Esparza-Puntarenas,602
Buenos Aires-Puntarenas,603
Montes de Oro-Puntarenas,604
Osa-Puntarenas,605
Quepos-Puntarenas,606
Golfito-Puntarenas,607
Coto Brus-Puntarenas,608
Parrita-Puntarenas,609
Corredores-Puntarenas,610
Garabito-Puntarenas,611
Pococ-Lim1n,702
Siquirres-Lim1n,703
Talamanca-Lim1n,704
Matina-Lim1n,705
Guácimo-Lim1n,706
Limón-Limón,701
MOCA-ESPAILLAT,10901
CAYETANO GERMOSÉN-ESPAILLAT,10902
GASPAR HERNÁNDEZ-ESPAILLAT,10903
JAMAO AL NORTE-ESPAILLAT,10904
PUERTO PLATA-PUERTO PLATA,11801
ALTAMIRA-PUERTO PLATA,11802
IMBERT-PUERTO PLATA,11804
LOS HIDALGOS-PUERTO PLATA,11805
LUPERÓN-PUERTO PLATA,11806
SOSÚA-PUERTO PLATA,11807
VILLA ISABELA-PUERTO PLATA,11808
VILLA MONTELLANO-PUERTO PLATA,11809
Santiago-SANTIAGO,12501
BISONÓ-SANTIAGO,12502
JÁNICO-SANTIAGO,12503
LICEY AL MEDIO-SANTIAGO,12504
SAN JOSÉ DE LAS MATAS-SANTIAGO,12505
TAMBORIL-SANTIAGO,12506
VILLA GONZÁLEZ-SANTIAGO,12507
PUÑAL-SANTIAGO,12508
SABANA IGLESIA-SANTIAGO,12509
LA VEGA-LA VEGA,21301
CONSTANZA-LA VEGA,21302
JARABACOA-LA VEGA,21303
JIMA ABAJO-LA VEGA,21304
COTUÍ-SANCHEZ RAMÍREZ,22401
CEVICOS-SANCHEZ RAMÍREZ,22402
FANTINO-SANCHEZ RAMÍREZ,22403
LA MATA-SANCHEZ RAMÍREZ,22404
BONAO-MONSEÑOR NOUEL,22801
MAIMÓN-MONSEÑOR NOUEL,22802
PIEDRA BLANCA-MONSEÑOR NOUEL,22803
SAN FRANCISCO DE MACORÍS-DUARTE,30601
ARENOSO-DUARTE,30602
CASTILLO-DUARTE,30603
PIMENTEL-DUARTE,30604
VILLA RIVA-DUARTE,30605
LAS GUÁRANAS-DUARTE,30606
EUGENIO MARÍA DE HOSTOS-DUARTE,30607
NAGUA-MARÍA TRINIDAD SÁNCHEZ,31401
CABRERA-MARÍA TRINIDAD SÁNCHEZ,31402
EL FACTOR-MARÍA TRINIDAD SÁNCHEZ,31403
RÍO SAN JUAN-MARÍA TRINIDAD SÁNCHEZ,31404
SALCEDO-HERMANAS MIRABAL,31901
TENARES-HERMANAS MIRABAL,31902
VILLA TAPIA-HERMANAS MIRABAL,31903
SAMANÁ-SAMANÁ,32001
SÁNCHEZ-SAMANÁ,32002
LAS TERRENAS-SAMANÁ,32003
DAJABÓN-DAJABÓN,40501
LOMA DE CABRERA-DAJABÓN,40502
PARTIDO-DAJABÓN,40503
RESTAURACIÓN-DAJABÓN,40504
MONTE CRISTI-MONTE CRISTI,41501
CASTAÑUELAS-MONTE CRISTI,41502
GUAYUBÍN-MONTE CRISTI,41503
LAS MATAS DE SANTA CRUZ-MONTE CRISTI,41504
PEPILLO SALCEDO-MONTE CRISTI,41505
VILLA VÁSQUEZ-MONTE CRISTI,41506
SAN IGNACIO DE SABANETA-SANTIAGO RODRÍGUEZ,42601
MONCIÓN-SANTIAGO RODRÍGUEZ,42603
MAO-VALVERDE,42701
ESPERANZA-VALVERDE,42702
LAGUNA SALADA-VALVERDE,42703
AZUA-AZUA,50201
LAS CHARCAS-AZUA,50202
PERALTA-AZUA,50205
SABANA YEGUA-AZUA,50206
PUEBLO VIEJO-AZUA,50207
TÁBARA ARRIBA-AZUA,50208
ESTEBANIA-AZUA,50210
BANÍ-PERAVIA,51701
SAN CRISTÓBAL-SAN CRISTÓBAL,52101
BAJOS DE HAINA-SAN CRISTÓBAL,52103
CAMBITA GARABITOS-SAN CRISTÓBAL,52104
VILLA ALTAGRACIA-SAN CRISTÓBAL,52105
YAGUATE-SAN CRISTÓBAL,52106
SAN GREGORIO DE NIGUA-SAN CRISTÓBAL,52107
SAN JOSÉ DE OCOA-SAN JOSÉ DE OCOA,53101
SABANA LARGA-SAN JOSÉ DE OCOA,53102
TAMAYO-BAORUCO,60303
BARAHONA-BARAHONA,60401
CABRAL-BARAHONA,60402
ENRIQUILLO-BARAHONA,60403
PARAÍSO-BARAHONA,60404
LA CIÉNAGA-BARAHONA,60407
POLO-BARAHONA,60410
JIMANÍ-INDEPENDENCIA,61001
DUVERGÉ-INDEPENDENCIA,61002
POSTRER RÍO-INDEPENDENCIA,61004
CRISTÓBAL-INDEPENDENCIA,61005
MELLA-INDEPENDENCIA,61006
PEDERNALES-PEDERNALES,61601
OVIEDO-PEDERNALES,61602
COMENDADOR-ELÍAS PIÑA,70701
BÁNICA-ELÍAS PIÑA,70702
EL LLANO-ELÍAS PIÑA,70703
PEDRO SANTANA-ELÍAS PIÑA,70705
SAN JUAN-SAN JUAN,72201
BOHECHÍO-SAN JUAN,72202
LAS MATAS DE FARFÁN-SAN JUAN,72205
VALLEJUELO-SAN JUAN,72206
EL SEIBO-EL SEIBO,80801
MICHES-EL SEIBO,80802
HIGÜEY-LA ALTAGRACIA,81101
SAN RAFAEL DEL YUMA-LA ALTAGRACIA,81102
LA ROMANA-LA ROMANA,81201
GUAYMATE-LA ROMANA,81202
VILLA HERMOSA-LA ROMANA,81203
SAN PEDRO DE MACORÍS-SAN PEDRO DE MACORÍS,92301
RAMÓN SANTANA-SAN PEDRO DE MACORÍS,92303
CONSUELO-SAN PEDRO DE MACORÍS,92304
GUAYACANES-SAN PEDRO DE MACORÍS,92306
MONTE PLATA-MONTE PLATA,92901
BAYAGUANA-MONTE PLATA,92902
SABANA GRANDE DE BOYÁ-MONTE PLATA,92903
YAMASÁ-MONTE PLATA,92904
PERALVILLO-MONTE PLATA,92905
HATO MAYOR-HATO MAYOR,93001
SABANA DE LA MAR-HATO MAYOR,93002
SANTO DOMINGO DE GUZMÁN-DISTRITO NACIONAL,100101
SANTO DOMINGO ESTE-SANTO DOMINGO,103201
SANTO DOMINGO OESTE-SANTO DOMINGO,103202
SANTO DOMINGO NORTE-SANTO DOMINGO,103203
BOCA CHICA-SANTO DOMINGO,103204
SAN ANTONIO DE GUERRA-SANTO DOMINGO,103205
LOS ALCARRIZOS-SANTO DOMINGO,103206
PEDRO BRAND-SANTO DOMINGO,103207
Belize-Belize,100
Cayo-Cayo,200
Corozal-Corozal,300
Orange Walk-Orange Walk,400
Stann Creek-Stann Creek,500
Toledo-Toledo,600
Jalapa-Nueva Segovia,505
El Jícaro-Nueva Segovia,515
SAN FERNANDO-Nueva Segovia,520
Mosonte-Nueva Segovia,525
Dipilto-Nueva Segovia,530
Macuelizo-Nueva Segovia,535
Santa María-Nueva Segovia,540
Ocotal-Nueva Segovia,545
Ciudad Antigua-Nueva Segovia,550
Wiwilí de Nueva Segovia-Nueva Segovia,560
Wiwilí de Jinotega-Jinotega,1005
El Cuá-Jinotega,1010
San José de Bocay-Jinotega,1012
Santa María de Pantasma-Jinotega,1015
San Rafael del Norte-Jinotega,1020
San Sebastián de Yalí-Jinotega,1025
Jinotega-Jinotega,1035
Somoto-Madriz,2005
Totogalpa-Madriz,2010
Palacagüina-Madriz,2025
Yalagüina-Madriz,2030
Las Sabanas-Madriz,2040
San José de Cusmapa-Madriz,2045
Pueblo Nuevo-Estelí,2505
Condega-Estelí,2510
Estelí-Estelí,2515
San Juan de Limay-Estelí,2520
La Trinidad-Estelí,2525
San Nicolás-Estelí,2530
El Viejo-Chinandega,3025
Puerto Morazán-Chinandega,3030
Somotillo-Chinandega,3035
Villanueva-Chinandega,3040
Chinandega-Chinandega,3045
El Realejo-Chinandega,3050
Corinto-Chinandega,3055
Chichigalpa-Chinandega,3060
Achuapa-León,3505
EL SAUCE-León,3510
Santa Rosa del Peñón-León,3515
El Jicaral-León,3520
Larreynaga-León,3525
Telica-León,3530
Quezalguaque-León,3535
León-León,3540
La Paz Centro-León,3545
Nagarote-León,3550
Rancho Grande-Matagalpa,4005
Río Blanco-Matagalpa,4010
Tuma - La Dalia-Matagalpa,4015
San Isidro-Matagalpa,4020
Sébaco-Matagalpa,4025
Matagalpa-Matagalpa,4030
San Ramón-Matagalpa,4035
Matiguás-Matagalpa,4040
Muy Muy-Matagalpa,4045
Esquipulas-Matagalpa,4050
Terrabona-Matagalpa,4060
Ciudad Darío-Matagalpa,4065
San José de Los Remates-Boaco,5005
Boaco-Boaco,5010
Camoapa-Boaco,5015
Teustepe-Boaco,5025
SAN LORENZO-Boaco,5030
San Francisco Libre-Managua,5505
Tipitapa-Managua,5510
Mateare-Managua,5515
Villa El Carmen-Managua,5520
Ciudad Sandino-Managua,5522
Managua-Managua,5525
Ticuantepe-Managua,5530
El Crucero-Managua,5532
San Rafael del Sur-Managua,5535
Nindirí-Masaya,6005
Masaya-Masaya,6010
La Concepción-Masaya,6020
Masatepe-Masaya,6025
Nandasmo-Masaya,6030
Catarina-Masaya,6035
San Juan de Oriente-Masaya,6040
Niquinohomo-Masaya,6045
San Francisco de Cuapa-Chontales,6507
Juigalpa-Chontales,6510
LA LIBERTAD-Chontales,6515
Santo Tomás-Chontales,6525
San Pedro de Lóvago-Chontales,6530
Acoyapa-Chontales,6535
Villa Sandino-Chontales,6540
El Coral-Chontales,6545
Diriá-Granada,7005
Diriomo-Granada,7010
Granada-Granada,7015
Nandaime-Granada,7020
SAN MARCOS-Carazo,7505
Jinotepe-Carazo,7510
Dolores-Carazo,7515
Diriamba-Carazo,7520
EL ROSARIO-Carazo,7525
Santa Teresa-Carazo,7535
La Conquista-Carazo,7540
Tola-Rivas,8005
Belén-Rivas,8010
Potosí-Rivas,8015
Buenos Aires-Rivas,8020
Moyogalpa-Rivas,8025
Altagracia-Rivas,8030
SAN JORGE-Rivas,8035
Rivas-Rivas,8040
San Juan del Sur-Rivas,8045
Cárdenas-Rivas,8050
El Almendro-Río San Juan,8510
San Miguelito-Río San Juan,8515
San Carlos-Río San Juan,8520
El Castillo-Río San Juan,8525
San Juan de Nicaragua-Río San Juan,8530
Waspam-Región Autónoma de la Costa Caribe Norte,9105
Puerto Cabezas-Región Autónoma de la Costa Caribe Norte,9110
Rosita-Región Autónoma de la Costa Caribe Norte,9115
Bonanza-Región Autónoma de la Costa Caribe Norte,9120
Mulukukú-Región Autónoma de la Costa Caribe Norte,9125
Waslala-Región Autónoma de la Costa Caribe Norte,9127
Siuna-Región Autónoma de la Costa Caribe Norte,9130
Prinzapolka-Región Autónoma de la Costa Caribe Norte,9135
Paiwas-Región Autónoma de la Costa Caribe Sur,9305
La Cruz de Río Grande-Región Autónoma de la Costa Caribe Sur,9310
Desembocadura de Río Grande-Región Autónoma de la Costa Caribe Sur,9312
Laguna de Perlas-Región Autónoma de la Costa Caribe Sur,9315
El Rama-Región Autónoma de la Costa Caribe Sur,9320
El Ayote-Región Autónoma de la Costa Caribe Sur,9323
Corn Island-Región Autónoma de la Costa Caribe Sur,9335
Bluefields-Región Autónoma de la Costa Caribe Sur,9340
Nueva Guinea-Región Autónoma de la Costa Caribe Sur,9345
